,0,1,2,3,4,5
0,labels,area,perimeter,major axis,minor axis,eqv diameter
1,1,12057066,54735.7112,4944.8175,3674.3981,3918.1033
2,2,2220,236.2254,85772,40.4931,53.1657
3,3,1478,149.7401,58.4509,32.3893,43.3803
4,4,1262,136.1838,46123,35.7796,40.0853
5,5,1798,165397,61.1904,38.4644,47.8465
6,6,995,117.9411,43.0737,29.6965,35.5932
7,7,12768,479.8305,163786,104.6226,127.5019
8,8,6722,310.7351,101.5184,86.0766,92.5133
9,9,6694,322.5757,105.7522,83.2152,92.3205
10,10,6076,306066,93.1224,86.1361,87.9557
11,11,12826,436.5757,139.8589,118.4677,127.7911
12,12,4815,294.1665,106.6351,61.3767,78.2985
13,13,6510,314.1665,98.2614,86.1987,91.0428
14,14,7884,336.7351,101.4844,99.92,100.1909
15,15,1707,168.2254,49.7539,46463,46.62
16,16,707,111.2904,34.8355,28.1487,30003
17,17,30963,913.6367,322.2773,149.6843,198.5531
18,18,9774,383061,124.8502,101.1178,111.5556
19,19,6318,325.8061,97843,86.7009,89.6902
20,20,6264,305865,98.5396,82.4586,89.3061
21,21,5462,295.4214,102.8607,68.8796,83.3933
22,22,6483,312.6934,102.3497,81.7811,90.8538
23,23,8968,402.1076,134.8959,92.5767,106857
24,24,3330,231.6812,79.0351,54.9097,65.1144
25,25,4456,273.7229,80.0694,72.1751,75323
26,26,9821,407.7645,121.9863,106.7106,111.8235
27,27,4892,277.7645,93.5507,67.5869,78922
28,28,10996,430.3747,140.9827,104.0339,118.3239
29,29,13903,573.6295,193.0788,106.3988,133.0483
30,30,6932,324.6934,105.8933,85.1139,93.9473
31,31,7039,345.7645,111.3978,85.9624,94.6696
32,32,1017,136.4264,54.8896,24.0337,35.9845
33,33,875,119598,43.7116,25.9571,33.3779
34,34,527,104.5269,36.7671,20157,25.9036
35,35,2869,228.3087,88.7404,41.5569,60.4394
36,36,9454,385.6468,132.8669,92.7947,109.7142
37,37,3355,247196,72.9591,63564,65.3584
38,38,316,79598,27.8356,16.2836,20.0585
39,39,5693,314.0071,103.8994,75.2969,85.1384
40,40,4135,253664,92.2256,58.8533,72.5593
41,41,716,103.6985,32.9349,28.4099,30.1934
42,42,6422,327.8061,96.4709,88.2142,90.4254
43,43,8117,396.8772,117.4223,96.1374,101.6606
44,44,1478,162.3259,53.5764,36.6874,43.3803
45,45,14669,597.5706,227.8756,90.9034,136.6644
46,46,10783,418.6762,151.8143,93.0943,117.1723
47,47,7142,328.4335,102.0225,90.8669,95.3597
48,48,9089,369.6051,117.8197,100.8607,107.5754
49,49,15676,598.6417,201.2116,108.7842,141.2774
50,50,3080,223.6396,79.9791,51.7721,62.6225
51,51,5752,289865,94.4011,78.3195,85.5785
52,52,5381,322.0488,127.8354,57.8207,82.7726
53,53,27146,918.7666,239.9542,183.03,185.9122
54,54,10176,416.1909,132.4899,102.3796,113.8266
55,55,8689,400.86,123.0792,93.8785,105.1816
56,56,3603,256.5097,77.9607,61.8445,67731
57,57,1109,135.7401,45.8973,31.9634,37.5769
58,58,5547,301.6224,111.7822,64.2016,84.0396
59,59,8162,372.8183,118.3244,90.0202,101942
60,60,1267,135.6985,41.9015,39517,40.1646
61,61,13317,544.5757,191.1547,98.1148,130.2142
62,62,3474,229.0366,68.8192,67.1761,66.5074
63,63,5638,383.2142,105.0156,76.4098,84.7262
64,64,5133,317.3209,94631,71.7549,80.8427
65,65,1972,180.1249,70.2826,36.2647,50.1082
66,66,4335,311.0782,82.3073,78.1937,74.2933
67,67,1649,165.5391,61.6192,36.0993,45.8211
68,68,450,92.7696,33.1824,20.0797,23.9365
69,69,9114,364.2325,121.6352,96.8481,107.7233
70,70,1610,161.9828,63.2201,33.0306,45276
71,71,1289,137.9828,49.9439,33.4218,40.5118
72,72,735,112.0772,38.1778,25634,30.5914
73,73,4126,277.7168,85489,64.9651,72.4802
74,74,73,51.6569,27.6985,3.4676,9.6409
75,75,476,107.1899,35238,22.1024,24.6183
76,76,508,99.7401,37.2744,19.3593,25.4324
77,77,1135,132.0416,40.7489,36779,38.0148
78,78,3119,307.0721,78911,62.6839,63.0177
79,79,959,140.1188,46.5429,29298,34.9433
80,80,358,85.9056,35.7743,13.9931,21.3499
81,81,867,116.3259,38.5516,29.9213,33225
82,82,7696,375.5635,147.9221,68.8428,98.9891
83,83,10913,415.7056,142.5229,100.3827,117.8765
84,84,5112,272.2498,82.5861,79.8177,80.6771
85,85,3060,259.6812,84.7018,49.4382,62.4189
86,86,3003,269.7229,89.9937,50976,61.8348
87,87,6901,317.7645,99.5414,89106,93737
88,88,5206,288.3503,99.9046,69.6907,81.4155
89,89,3812,241.9239,78.2291,63514,69.6677
90,90,5197,301463,100.7365,69.8539,81.3451
91,91,5811,297.4214,105.9866,70.6292,86.0162
92,92,11852,512.6173,187.4847,89.2597,122.8431
93,93,6863,327.9483,106.5563,84.8717,93.4786
94,94,9986,388.1493,135.1795,95.4223,112.7589
95,95,916,129.7401,45.4221,26.7771,34151
96,96,8622,367.5219,124.2027,90.7654,104.7753
97,97,7973,354.1493,128.9897,79.3015,100.7548
98,98,7621,365.8478,138.6181,71.7074,98.5056
99,99,2845,214669,80.9003,45.8497,60.1861
100,100,7633,336.9777,114.3871,85.9904,98.5831
101,101,2270,204.7107,82.1645,36564,53.7611
102,102,5297,283.0955,89.1788,77538,82124
103,103,3957,242267,79.5372,65.1487,70.9803
104,104,5177,294.5513,95.5601,74.0178,81.1884
105,105,10136,401.9066,139419,94.2427,113.6026
106,106,4903,282.9533,106.9427,59.1668,79.0107
107,107,6779,321.5635,115218,76.8498,92.9047
108,108,5916,346.0071,116.8069,71.1186,86.7899
109,109,5167,287.0955,92.0564,75.0743,81.11
110,110,1353,155.9828,59.5833,30.0878,41.5053
111,111,10503,400.5757,133488,101.5679,115641
112,112,8575,400.9777,150.1284,77.1756,104.4894
113,113,4612,287.7645,114.1357,52.4553,76.6302
114,114,1836,169.1543,63.4918,37.4577,48.3494
115,115,258,76.5919,30.3521,12.8337,18.1245
116,116,9994,461262,149.6785,97.3404,112.8041
117,117,90,49864,25849,4.6462,10.7047
118,118,1578,149.0538,50.5544,40.6344,44.8238
119,119,9339,404.0071,157.1293,77.1945,109.0449
120,120,16199,575.0437,217.6433,100.5171,143.6148
121,121,6727,329.4214,110.4591,82.4529,92.5477
122,122,3212,214.6518,67.1103,62.9289,63.9503
123,123,1662,152.2254,46.8956,45.6881,46.0013
124,124,9313,428.4924,132.0956,97.3295,108893
125,125,6805,331.3209,105.0445,84.8019,93.0827
126,126,870,129.0122,49.2608,24.4311,33.2824
127,127,6177,297.9655,92.8486,86.66,88.6837
128,128,2604,261.8,102.1811,38.7618,57.5805
129,129,2505,235.7645,88.8395,39.8484,56.4753
130,130,755,114.5269,35.2108,28.8595,31.0048
131,131,8594,411.8478,124.9713,97.5361,104.6051
132,132,8157,356.4335,108.9923,98.8075,101.9108
133,133,11728,414.6762,130.7852,115.0895,122.1988
134,134,6258,349.2031,114.0272,78.3268,89.2633
135,135,8713,366.6762,120.7077,93.9964,105.3268
136,136,21726,813.8255,203.1576,179.6732,166.3202
137,137,5851,299.0366,96.8065,77.6033,86.3118
138,138,9325,400.4752,137.3738,93.5164,108.9631
139,139,19185,681.6539,195.1114,133.9945,156.2917
140,140,826,108.1838,35.6632,29.8994,32.4299
141,141,2086,193.7817,67.8672,41.5475,51.5362
142,142,6703,316.5097,97.6478,89.3245,92.3825
143,143,2568,200.6102,70.6478,47.6501,57.1811
144,144,8820,369.6051,124.8781,92.8132,105.9716
145,145,3110,227.1371,75.3021,56.9255,62.9267
146,146,1253,135.4975,49471,32.9517,39.9421
147,147,8158,406.5584,170.4738,62.0306,101.9171
148,148,3213,229196,80.2159,53.4331,63.9603
149,149,2740,203.2376,66.4991,53.7896,59065
150,150,941,114.8701,40.3082,30192,34.6138
151,151,3152,273.2203,89.1344,56.9327,63.3502
152,152,6137,316.6346,112.2783,72.0967,88.3961
153,153,5529,291.5219,93.5075,78.3344,83.9032
154,154,5446,287196,94.7393,74.6803,83271
155,155,3567,325.9188,87.7573,61.3064,67.3917
156,156,961,114.9117,36.5504,33.8685,34.9798
157,157,12187,442.4802,146.5051,110.0996,124.5671
158,158,7188,348.4508,112.9879,87.1733,95.6663
159,159,9047,364.9777,118.8642,97.8636,107.3266
160,160,724,97.6985,30.9445,29.9933,30.3616
161,1,12101458,52373.5819,4937.4105,3664.0707,3925.3095
162,2,8214,356.5341,121992,87493,102.2663
163,3,1117,123.8406,42.1457,33.9897,37.7122
164,4,6113,316.9949,106.2408,76.1602,88.2231
165,5,6946,326.7767,103.8294,88.3395,94.0421
166,6,10448,389.8478,121.9876,110.1572,115.3378
167,7,3055,209.4386,72.7885,53.8323,62.3678
168,8,12126,490.6346,190.4691,85.6242,124255
169,9,2833,203.9239,68.4248,53985,60059
170,10,2597,191.5391,61.1579,54.8832,57.5031
171,11,16645,626.6001,238.3158,99.8518,145.5784
172,12,18838,636.86,226.3881,111486,154.8718
173,13,7379,352.9188,114979,86.8255,96929
174,14,2968,206.5097,66.1241,57.9857,61.4734
175,15,4409,259.1371,93.9437,60.6717,74.9247
176,16,2615,193.8823,63.0141,53.7816,57702
177,17,1942,182.8112,71.0867,35.9146,49.7256
178,18,8696,411.4214,140.6775,82.0167,105224
179,19,4722,269.9239,90.4641,67.8592,77.5386
180,20,7384,338.9361,101.0209,95.2809,96.9619
181,21,1602,151.1543,51.1607,40.2372,45.1634
182,22,12747,521.3869,199.6322,87.1239,127397
183,23,7031,368.7351,138351,68.4371,94.6158
184,24,19742,594.8427,198.7244,129.4666,158.5443
185,25,763,101.4558,31346,31.2741,31.1686
186,26,2950,211.2965,71527,52.9967,61.2867
187,27,11507,454.2914,162.3233,94127,121042
188,28,724,111.2904,40.3019,24.0401,30.3616
189,29,10658,421.2031,136571,100.6014,116.4911
190,30,2573,210.3675,72.9853,47.6947,57.2367
191,31,6898,336528,119.6518,75.3428,93.7166
192,32,6937,325.0782,112.1139,79.3358,93.9812
193,33,11094,409.5219,123.1783,116.7495,118.85
194,34,2969,221397,87.7408,43.9145,61.4837
195,35,3389,243.3381,90.4725,51.0589,65.6887
196,36,31264,1071.9037,271.2798,216.0125,199.5158
197,37,5306,288.7939,94.7748,73.9682,82.1937
198,38,1582,154.1249,48.0913,43132,44.8806
199,39,7125,330.4335,104.2339,88.2967,95.2462
200,40,19071,772.9848,237.5363,140.9144,155.8267
201,41,2872,208.9533,75.4965,48.8145,60471
202,42,4829,278.8944,89.3399,72.6795,78.4122
203,43,1512,143.8406,45.7674,42.4596,43.8764
204,44,3120,210.1076,72959,55.0054,63.0278
205,45,631,94.6274,33295,24.7711,28.3446
206,46,4747,284.5929,99.5269,63.5318,77.7436
207,47,5478,288.7523,89.5395,80.3297,83.5153
208,48,13404,657.2275,196.3198,100.2708,130.6388
209,49,93,44.2843,19.8551,6783,10.8817
210,50,11572,432.0315,150.7497,99.6608,121.3834
211,51,357,74.7696,25.7032,19.4331,21.3201
212,52,2020,166267,56.9026,45.4728,50.7143
213,53,1715,154.2254,49.1996,44.9624,46.7291
214,54,4996,309.4975,128.6591,51.6129,79.7565
215,55,2226,190.3087,66.1082,44.1363,53.2375
216,56,6450,356.8356,129.2211,66.7923,90.6223
217,57,20940,796791,207.0532,166.5284,163.2839
218,58,7076,355.7645,128.5299,74.3403,94.9181
219,59,8020,362.6934,118.1673,91.7246,101.0514
220,60,6926,333.4802,120.5653,75.3902,93.9066
221,61,3001,217.6812,67.3984,60.6565,61.8142
222,62,3344,223.6812,70.6432,63.0825,65.2512
223,63,3086,211.6396,67.4354,59.7859,62.6835
224,64,5365,288.4924,104.3391,66.0648,82.6494
225,65,2134,181.8823,62.2712,44.8683,52.1257
226,66,1768,174.7107,67366,35.1247,47.4456
227,67,377,89.3553,28.3578,20.9206,21.9092
228,68,71,43.2426,23.1589,3.9716,9.5079
229,69,1155,133.9828,47272,31.8498,38.3483
230,70,6106,314.6762,98029,82653,88.1726
231,71,3507,237.8234,81.3366,58.1205,66.8225
232,72,8821,399.7056,134.5017,86.5044,105.9776
233,73,5279,278.4924,86.6049,78.5817,81.9843
234,74,5161,286.6518,105.3163,63.9617,81.0629
235,75,884,110.0416,35.0579,32642,33.5491
236,76,8573,366.1076,118.8659,94.4662,104.4772
237,77,6302,305.5635,93.4027,87.2893,89.5765
238,78,3352,226.7523,71143,62.5681,65.3292
239,79,21042,803.5361,198.5946,151.9008,163.6811
240,80,6156,306.4508,92.6147,88.6275,88.5328
241,81,6828,338.6934,128.1919,69915,93.2399
242,82,1156,128.8112,46.3981,32.1482,38.3649
243,83,3213,217.3381,76.0208,54.6983,63.9603
244,84,3884,240.9949,83.1924,60.4162,70.3226
245,85,33599,1069.3768,287.8011,186.0651,206.8322
246,86,1650,155.1543,52.8089,40978,45835
247,87,26267,939.3707,304.3973,134.7883,182.8775
248,88,2111,185.5807,73.1427,37.2547,51.8441
249,89,7174,327.1787,106.0832,87.6194,95.5731
250,90,7179,341.4214,113.8132,82.9368,95.6064
251,91,1486,153.8823,54.4558,35.8717,43.4975
252,92,6324,328.6346,119.9328,68594,89.7328
253,93,6072,313.2792,92.1878,87.9738,87.9267
254,94,4723,271.3209,95.5137,64.2605,77.5468
255,95,7832,343.7645,104.7908,96.7069,99.86
256,96,4399,250.7939,88.0669,63.7271,74.8397
257,97,17219,648.5412,220.7385,116.7157,148.0673
258,98,57667,1570.0773,340.1098,286.9947,270.9685
259,99,522,90.1838,32728,21239,25.7804
260,100,6442,319.1198,111.8452,74.0304,90566
261,101,7544,326.9777,105.8957,91.5152,98.0067
262,102,9394,391.8478,133.6447,91.5647,109.3655
263,103,8013,358.5341,132.1595,77.9211,101.0073
264,104,4659,266.8944,92.2069,65.7907,77.0196
265,105,3469,232.7523,70.8998,64.4167,66.4595
266,106,2679,194.0244,62.3974,55.3853,58.4038
267,107,1312,137.4975,46.0562,36.8647,40.8716
268,108,6931,331.1371,120.3819,76.0725,93.9405
269,109,4076,319.6224,92.5452,71.8475,72.0397
270,110,4208,286.9533,98.4409,58.7023,73.1969
271,111,2179,173.1543,53944,51.9422,52.6725
272,112,2715,204.9533,74157,47.3482,58.7949
273,113,7585,349.3625,125.6224,78.5007,98.2727
274,114,1316,143.1543,52.2869,32.6612,40.9339
275,115,1267,134.3259,45.9794,35.5736,40.1646
276,116,5807,294.7939,100.3959,75.4577,85.9866
277,117,10204,404.2914,141.2029,94.2368,113.9831
278,118,7919,341.3036,113.3959,90623,100.4131
279,119,12319,504.7006,168.76,99.1904,125.2399
280,120,7916,341.9483,108.6774,94.2245,100394
281,121,5622,337.3209,128.7418,60.7165,84.6059
282,122,6804,316.2082,96.5273,91736,93.0759
283,123,21158,706.1219,248.7727,122.3023,164.1317
284,124,2341,180.3675,57.2247,52.6197,54.5954
285,125,1260,137.9828,52.4698,30826,40.0535
286,126,7110,325.5807,104.6789,88106,95.1459
287,127,3992,239.9239,79.1304,65.1565,71.2936
288,128,6527,322.6518,119.6579,70.8185,91.1616
289,129,4099,268.3087,106.87,49.4777,72.2427
290,130,2123,172.5685,56.5778,48.4279,51.9912
291,1,12593886,38337.2168,4841.8101,3618.3534,4004.3768
292,2,5036,273.3381,90.7319,72.2064,80.0752
293,3,4610,269.8234,88.4072,70.4343,76.6135
294,4,2999,213.7817,76.6389,50.6661,61.7936
295,5,3328,217.4386,71.1161,60.2051,65.0949
296,6,3709,233.8234,85.5048,55571,68.7201
297,7,3994,238.5929,77.7853,66.2066,71.3114
298,8,4763,261.2965,83.7029,73.9183,77.8745
299,9,4652,273.1787,92.0209,67.2148,76.9617
300,10,6310,313.0366,97.6041,86.7227,89.6334
301,11,3087,214.7523,75.8144,53.1836,62.6936
302,12,3226,219.0244,76.0066,54.7197,64.0896
303,13,6727,325.4214,108.4044,80.9317,92.5477
304,14,3253,217.4386,76.2815,54.8492,64.3572
305,15,4944,277.3797,95.0952,68.2536,79.3404
306,16,1219,130.7696,46.3152,33.9287,39.3964
307,17,2967,224.5685,89.7527,42.7992,61463
308,18,4315,253.8234,78.7791,72.0637,74.1217
309,19,1864,160.9533,51.0643,47.1898,48.7167
310,20,4623,253.3797,81.0951,73.0009,76.7215
311,21,2401,182.3675,58.7177,52.3075,55.2906
312,22,2955,213196,74.4413,51.7705,61.3386
313,23,3646,236.7523,74.0825,65.2031,68.1339
314,24,3997,242468,81.7368,63.3891,71.3382
315,25,3454,233196,77.1201,60.1784,66.3157
316,26,4700,289.7645,107665,58725,77.3578
317,27,3163,223.2965,82.3779,49.8184,63.4607
318,28,2828,200.5685,63.0264,58.3375,60006
319,29,9093,423.1198,151.5139,86.7724,107.5991
320,30,3960,238.8944,74.6725,68.3133,71.0072
321,31,3803,233.2965,77.5924,63.4662,69.5854
322,32,3503,224267,75.0528,60.1488,66.7844
323,33,4809,263.7645,82.8161,74.7575,78.2497
324,34,3298,229.0955,72.8196,60.8364,64.8008
325,35,2740,219.7817,79.1497,45.6329,59065
326,36,5815,363.4214,134.6713,59.3899,86.0458
327,37,1094,128.9117,42.1262,34.7251,37.3219
328,38,38,35.6213,21.3182,2.3665,6.9558
329,39,3898,240.1249,80.9721,62.4534,70.4492
330,40,2297,199.5807,68.3985,45.8572,54.0799
331,41,3870,240.5513,86.5528,58.0596,70.1957
332,42,5154,273.6224,88.8839,75.1945,81.0079
333,43,4064,244.1076,83.8073,62.8894,71.9336
334,44,1149,132.2254,49.1117,30.1246,38.2486
335,45,3642,242.4092,89.6909,53192,68.0965
336,46,3838,249.7229,85.2319,60461,69.9049
337,47,3231,215.8234,68.6304,61.6606,64.1392
338,48,6042,310.5929,103.1329,78.1271,87.7093
339,49,5084,270.8944,92.8302,70.3528,80.4559
340,50,2916,204.1249,70.8355,53.3581,60.9325
341,51,4032,254.9361,98.1429,53.2785,71.6499
342,52,3409,220.1249,74.7971,58.7978,65.8823
343,53,3728,229.8823,72.2362,66848,68.8958
344,54,1329,140.0833,52.3489,32.5987,41.1356
345,55,3304,220066,79.7874,53.2034,64.8597
346,56,4393,249.6224,78.7664,71.9093,74.7886
347,57,4345,254.3087,81.6422,69903,74.3789
348,58,5205,279.6812,96.1364,70.4929,81.4077
349,59,682,96.8701,33.3311,26.3739,29.4678
350,60,5001,282.9361,98.6127,69.2317,79.7964
351,61,560,85.4558,27.4966,26.1071,26.7023
352,62,1880,160.1249,51.1547,47.3183,48.9254
353,63,3556,231.4386,82376,56.2194,67.2877
354,64,4859,261.7645,85.7846,72.6554,78.6554
355,65,1330,147.1543,48.3683,36.4846,41151
356,66,2494,190.5097,62.0105,52.2837,56.3512
357,67,3102,235.1371,92.5851,44.7096,62.8458
358,68,3209,213.3381,67.7573,60.9815,63.9205
359,69,3482,223.9655,76.0348,58955,66.5839
360,70,3329,226.3087,80.3961,54.6625,65.1046
361,71,3379,232.1249,73.4909,60707,65.5917
362,72,3551,229.8234,80.0812,58.4092,67.2404
363,73,2201,176.3259,61.6722,46.0386,52.9377
364,74,17849,795796,211151,125.2068,150.7516
365,75,6031,312.6934,112796,70.9677,87.6294
366,76,3422,232.1249,84.0608,53.2132,66.0078
367,77,3858,240.5929,83.5714,60187,70.0868
368,78,3144,217.5807,78.3664,52.0122,63.2698
369,79,4737,270.3503,84.3381,74.4372,77.6617
370,80,2817,206.1249,70.4405,51.9922,59.8892
371,81,474,85.3137,26.5599,24.0265,24.5666
372,82,4028,252.6102,92.9489,57.2167,71.6143
373,83,1072,120.9117,38.4801,35.7276,36.9447
374,84,2730,203.8234,64.9126,56.0575,58.9571
375,85,910,115.0538,35.9836,32.7328,34.0389
376,86,1037,127.4975,42.7051,31.6323,36.3366
377,87,612,96.5685,32.5046,24.6548,27.9146
378,88,4668,259.9239,88.3783,68.0711,77094
379,89,857,129.0122,42298,29.0687,33.0328
380,90,1960,167.8823,53.0065,48.5273,49.9555
381,91,1261,155.6396,59.0492,28384,40.0694
382,92,566,96.0833,32.3287,23.9039,26845
383,93,354,88.2254,30.4752,18.0998,21.2303
384,94,66,39.8995,19.1967,4815,9167
385,95,1122,123397,40.5069,35.4329,37.7965
386,96,4989,274.1249,85.0148,77.5601,79.7006
387,97,4941,268.8528,84.4124,76.5615,79.3163
388,98,4073,249.6812,84.5988,62.3945,72.0132
389,99,3428,225.3381,75.2051,58.6809,66.0656
390,100,4047,240.5513,83.6702,61.9144,71783
391,101,2756,200.6102,69.4963,51.1594,59.2372
392,102,4224,250.8944,88.9148,60.7459,73336
393,103,4277,247.2376,79.3854,69109,73.7946
394,104,3566,223.8234,73.8694,61.8343,67.3823
395,105,3434,220468,68.1283,65.0836,66.1234
396,106,3280,217.2376,66.4654,64.3079,64.6237
397,107,6726,317.0366,100556,87.1708,92.5409
398,108,3776,233.5391,77.0501,63.1768,69338
399,109,4334,249.4802,78.5346,71858,74.2847
400,110,3381,214.8528,69.2264,62.5623,65.6111
401,111,2039,169.9828,60.7518,43.1365,50.9523
402,1,11460329,76199.0448,4956.5154,3670.7924,3819.9141
403,2,15482,513.0732,182.1263,111.3236,140.4005
404,3,4658,353.4985,130.7856,51967,77.0114
405,4,25041,608.4823,192.4511,167.6345,178.5586
406,5,10345,417.5635,136.0905,100.1326,114.7679
407,6,761,117.9117,41.4432,26296,31.1277
408,7,1490,162.5097,51.9649,39.9071,43556
409,8,28349,658.0143,202858,180.4144,189987
410,9,4448,304.2082,108.1485,55.5095,75.2554
411,10,15939,490.8183,165.4377,124.4685,142.4576
412,11,14312,482.2742,154.5859,123.8664,134.9911
413,12,13926,653.1859,214.5185,103.0688,133.1583
414,13,9278,423.5046,126356,98.0628,108.6882
415,14,12317,451.8133,145.6831,112.1184,125.2298
416,15,6194,497.2569,159.4575,90.7253,88.8057
417,16,4765,278.0071,101.3328,60.9827,77.8909
418,17,306,97.4975,45.5557,11.1191,19.7386
419,18,3094,249.2792,82.5356,51.6799,62.7647
420,19,16478,505.1198,161.5355,131.5626,144.8463
421,20,35225,912.0153,301.0084,156.3463,211.7779
422,21,14753,491.6468,174.7804,110.6623,137.0551
423,22,24098,627.6234,190.6521,166.5178,175.1643
424,23,3611,253.6224,85.5868,55.8627,67.8061
425,24,11207,430.2914,143.7394,102722,119.4537
426,25,9358,549.6184,214.8578,74.7648,109.1557
427,26,13780,464.8183,153.8137,115.9625,132.4584
428,27,8078,402.8183,148973,74051,101.4161
429,28,24891,1052.2468,264.5828,138.0746,178023
430,29,2198,200.7817,69.0644,44.5546,52.9016
431,30,56132,1271.4184,410.2851,204.9724,267.3378
432,31,95,65.6569,36.2953,3.4929,10.9981
433,32,973,121.8406,46.2646,27.5276,35.1975
434,33,14454,477.4285,139.1169,134.8555,135.6591
435,34,7810,430.0071,126.6854,93.9115,99.7196
436,35,4348,266.5929,80.0582,71.8493,74.4046
437,36,17372,524.4996,174.2616,129.4504,148.7236
438,37,17110,527.8478,158.8624,141.9402,147.5979
439,38,17924,517.8721,174.1481,132.0481,151068
440,39,29680,699595,212.2047,185.8427,194.3959
441,40,19104,708.4407,226.7748,122.4501,155.9614
442,41,3918,283.1137,99105,55.6368,70.6297
443,42,2487,217.8234,72.7779,46.7192,56.2721
444,43,31420,935.7554,232.6657,195.2697,200013
445,44,11248,473.6884,134.6359,113.6513,119672
446,45,8387,362.2914,113157,97.2078,103.3376
447,46,3178,249.5219,91.7967,45.9501,63611
448,47,1655,160.3675,49.8132,44.0417,45.9044
449,48,243,82.8701,32487,13.02,17.5897
450,49,68,58.2426,33.2797,2.7245,9.3049
451,50,116,69.6569,36.9843,4.1114,12153
452,51,6594,342.2914,102.3092,85.9527,91.6283
453,52,14460,493.5046,152.6688,126.5364,135.6873
454,53,25350,752.7899,244959,141.2487,179657
455,54,41893,1056.9575,352.8505,170.9546,230.9542
456,55,2942,232.9949,75.2354,51987,61.2035
457,56,2148,201.0955,62.8374,46.9136,52.2964
458,57,1469,155.9828,48977,39.3446,43248
459,58,42704,976.0387,311.6242,187.7414,233.1789
460,59,21674,571.6123,191.5349,145.6432,166121
461,60,16679,541.8894,159.5649,140.5947,145727
462,61,24421,964.5067,266.7854,149.4317,176.3343
463,62,15640,763.8721,234.1952,102.6379,141.1151
464,63,2662,224.3259,81.5433,43.9544,58.2182
465,64,8323,493.5046,156.6688,76.8861,102.9426
466,65,9304,428.4396,142.6316,87.3163,108.8403
467,66,17295,601.7899,182.8158,126.6518,148.3937
468,67,5312,367.0488,115.9873,62.8192,82.2402
469,68,14443,471.0193,154.2371,121.7784,135.6075
470,69,3712,266.9361,90.0317,54.8786,68.7478
471,70,3300,248.5929,80.8312,56.2079,64.8204
472,71,91,63.6569,34.6486,3.4964,10.7641
473,72,883,125.9828,48.4044,23.8686,33.5301
474,73,68,65.6213,38.5082,2298,9.3049
475,74,1616,166.6041,53.2458,42.3322,45.3603
476,75,37825,1018.4712,340.4509,177.5232,219.4545
477,76,23196,803.7199,202.5575,175.6105,171.8548
478,77,5314,292.9361,94.6891,74.8259,82.2557
479,78,418,108.0477,49.8264,13.1839,23.0698
480,79,9603,390.5462,121.0665,102848,110.5754
481,80,116,56.1421,26.9988,5.5716,12153
482,81,8513,759.2031,167353,131.1174,104.1109
483,82,1369,153.1249,44.3623,42.3066,41.75
484,83,597,93734,31.8086,24.3531,27.5703
485,84,16719,545.6884,166.7864,134.3425,145.9017
486,85,1314,155.4325,54762,32.3405,40.9028
487,86,2126,210.2021,73.1758,41.5937,52.0279
488,87,4491,328.0488,117.3253,55.9748,75.6182
489,88,13777,523.4335,162.1696,114.9335,132444
490,89,42930,1022.5483,309.6091,194879,233.7952
491,90,16137,752.4823,197.1452,126.0773,143.3397
492,91,12667,539.6468,187.0332,98.0241,126.9966
493,92,5459,453.1026,153285,72.4761,83.3703
494,93,4127,258.3087,90.8936,59.5997,72489
495,94,4468,273.5391,95.4943,62.6814,75.4244
496,95,22707,647.7838,226.0404,133.2482,170.0337
497,96,19565,642.1392,203.0271,136.8789,157832
498,97,26942,774328,230263,160.2042,185.2124
499,98,13935,490.7178,164.7581,115.1902,133.2013
500,99,14989,528.4457,170.86,117.5919,138147
501,100,3599,278066,86.1696,58.7288,67.6933
502,101,33125,832.6833,265.9901,174.4141,205.3681
503,102,10540,403.9127,122.3138,111.2779,115.8445
504,103,18116,523.0782,180.4048,129.6324,151875
505,104,30058,925.8965,286.7284,147.6916,195.6298
506,105,15502,505.6468,174.4531,117.3613,140.4911
507,106,5364,305.0721,97.0892,73.4343,82.6417
508,107,3022,234066,71.2855,58.4937,62.0301
509,108,2084,178.0833,57.7302,47.7127,51.5115
510,109,2448,202.1249,69.5354,46.4972,55.8291
511,110,2065,198.7462,73.0059,37.0745,51.2761
512,111,19259,549.5046,199.0403,124.0767,156.5928
513,112,1571,162.2843,50.2208,41.6821,44.7243
514,113,136,74.3848,36.8299,7.7809,13159
515,114,594,103.2548,32.7251,26.0828,27501
516,115,21772,600.9371,196.7469,142.7247,166.4962
517,116,22268,597.0854,183.2923,158.6196,168382
518,117,14477,650.8721,190.2207,110.7467,135767
519,118,1727,205267,71.2387,34.4349,46.8923
520,119,1484,175.4975,51.1099,42.1911,43.4682
521,120,17142,566.1737,205.5618,110.1847,147.7358
522,121,13763,550.4752,168.1087,115.7138,132.3767
523,122,502,113.8762,48.2763,16.4549,25.2817
524,123,1128,171.0955,60542,32.1516,37.8974
525,124,12564,456.7006,157.4906,105.0631,126.4792
526,125,3814,236267,73.0414,68.0766,69686
527,126,6942,340.0071,121.6393,75.9106,94015
528,127,8878,449.1615,146.2781,84.1182,106.3194
529,128,2038,190.2021,60.6637,45488,50.9398
530,129,13209,444.7595,140.0562,121.1024,129.6851
531,130,711,109.1543,35.3213,28.5088,30.0878
532,131,98,67.0355,37.3668,3484,11.1704
533,132,18644,569.2864,197.0423,124.5895,154.0723
534,133,5263,278.3503,86.8234,78.5987,81.86
535,134,12824,457.5879,149.3101,113.1761,127.7812
536,135,12747,437.4457,143.5693,114.7397,127397
